{
  "dataset_path": "C:\\Danish-Project\\project-main\\data",
  "model": "mobilenetv3",
  "current_epoch": 1,
  "total_epochs": 100,
  "batch_size": 16,
  "last_accuracy": 0.5833333134651184,
  "last_val_accuracy": 0.7403188943862915,
  "test_accuracy": 0.7403188943862915,
  "test_auc": 0.9497402310371399,
  "status": "training"
}